Product;Part Name;Qty;Step 1;Sec;Step 2;Sec;Step 3;Sec;Step 4;Sec;Step 5;Sec
KFC Bowtie Diner; Ruggie;2;Tube Laser M-Rise;30;Tube Bender E-Turn 32;20;;;;;;
KFC Bowtie Diner; s/r;2;Tube Laser M-Rise;25;;;;;;;;
KFC Bowtie Diner; Pote;4;Cut-Off SLS;15;Swage Semi Auto;20;Tube Laser M-Rise;25;;;;
KFC Bowtie Diner;Assembly;1;Robot Welder 1400;500;Grinders Manual;120;Spray Paint;180;;;;
KFC Bowtie Bar 650; Ruggie;2;Tube Laser M-Rise;30;Tube Bender E-Turn 32;25;;;;;;
KFC Bowtie Bar 650; s/r;2;Tube Laser M-Rise;25;;;;;;;;
KFC Bowtie Bar 650;Pote;4;Cut-Off SLS;30;Swage Semi Auto;20;Tube Laser M-Rise;45;;;;
KFC Bowtie Bar 650; assembly;1;Robot Welder 1400;500;Grinders Manual;120;Spray Paint;200;;;;
Kelly Arm; Bo raam;1;Cut-Off SLS;20;Tube Bender E-Turn 40;100;;;;;;
Kelly Arm; Onder raam;1;Cut-Off SLS;20;Tube Bender E-Turn 40;70;;;;;;
Kelly Arm; raam size;2;Welder Dino;70;;;;;;;;
Kelly Arm; assembly;1;Welder Dino;360;Grinders Manual;60;;;;;;
Boxx Top Frame; Bo raam;1;Cut-Off SLS;20;Tube Bender E-Turn 40;110;;;;;;
Boxx Top Frame;Onder raam;1;Cut-Off SLS;20;Tube Bender E-Turn 40;70;;;;;;
Boxx Top Frame;assembly;1;Welder Dino;300;Grinders Manual;60;;;;;;
Kirsten; voor poot;2;Cut-Off SLS;25;Swage Semi Auto;20;;;;;;
Kirsten; agter poot;2;Cut-Off SLS;25;Swage Semi Auto;20;Tube End Closing;30;;;;
Kirsten;kruis;1;Tube Laser M-Rise;45;;;;;;;;
Kirsten; Bo raam;1;Cut-Off SLS;25;Tube Bender E-Turn 40;110;;;;;;
Kirsten; assembly;1;Welder Francis;350;;;;;;;;
Globe Diner; kruis;1;Cut-Off SLS;25;Tube Bender E-Turn 32;60;Welder Francis;240;Grinders Manual;60;;
Globe Diner;Pote;4;Cut-Off SLS;25;Swage Semi Auto;20;Tube Laser M-Rise;25;;;;
Globe Diner;Assembly;1;Welder Francis;420;Grinders Manual;60;;;;;;
OBI Diner; kruis ;2;Tube Laser M-Rise;30;;;;;;;;
OBI Diner;kruis flat bar;2;Tube Laser M-Rise;30;;;;;;;;
OBI Diner; kruis Sub assembly;1;Welder Arrie;240;Grinders Manual;60;;;;;;
OBI Diner;Pote;4;Cut-Off SLS;25;Swage Semi Auto;20;Tube Laser M-Rise;25;;;;
OBI Diner; Assembly;1;Welder Francis;400;Grinders Manual;60;;;;;;
Incanda H/S 650;poot;2;Cut-Off SLS;30;Tube Bender E-Turn 40;30;Welder Jeff;45;Grinders Manual;120;Drill Press Manual;45
Incanda H/S 650;H-frame;1;Tube Laser M-Rise;90;Robot Welder 1400;60;Grinders Manual;60;;;;
Incanda H/S 650;voet reling;4;Cut-Off SLS;25;Grinders Manual;15;;;;;;
Kauai Diner;Voor poot;2;Tube Laser M-Rise;30;Tube Bender E-Turn 40;40;;;;;;
Kauai Diner;Agter poot;2;Tube Laser M-Rise;30;Tube End Closing;30;Tube Bender E-Turn 40;20;;;;
Kauai Diner;Reeling voor;1;Tube Laser M-Rise;15;Tube Bender E-Turn 40;10;;;;;;
Kauai Diner; Assembly;1;Welder Arrie;300;Grinders Manual;60;;;;;;
Club/Cruze; Poot raam 22x22;2;Cut-Off SLS;35;Tube Bender E-Turn 32;60;;;;;;
Club/Cruze; Onder raam tussen parte;1;Cut-Off SLS;50;Tube Bender E-Turn 40;180;;;;;;
Club/Cruze; Bo raam 22x22;1;Cut-Off SLS;30;Tube Bender E-Turn 32;120;;;;;;
Club/Cruze;Bo raam 16x1.6;1;Cut-Off SLS;30;Tube Bender E-Turn 40;60;;;;;;
Club/Cruze;Onder Assembly;1;Welder Francis;450;Grinders Manual;60;;;;;;
Club/Cruze;Bo Assembly;1;Welder Francis;840;Grinders Manual;60;;;;;;
Dina coffee table;Ring;1;Cut-Off SLS;30;;;;;;;;
Kwench; poot;4;Tube Laser M-Rise;25;;;;;;;;
Kwench; ring;2;Cut-Off SLS;20;Tube Bender E-Turn 32;35;Grinders Manual;20;;;;
Kwench;Assembly;1;Welder Jeff;480;;;;;;;;
Booth bench 1600 Sgl; single sides;2;Tube Laser M-Rise;125;Tube Bender E-Turn 32;40;Grinders Manual;120;;;;
Booth bench 1600 Sgl;Single reelings;1;Tube Laser M-Rise;200;;;;;;;;
Booth bench 1600 Sgl; Assembly;1;Welder Arrie;660;Grinders Manual;135;Spray Paint;500;;;;
Universal Bed Q2030; sides;2;Tube Laser M-Rise;60;;;;;;;;
Universal Bed Q2030; middle;1;Tube Laser M-Rise;60;;;;;;;;
Universal Bed Q2030;Assembly;1;Welder Arrie;648;;;;;;;;
KFC Corner Bench 900; sides;2;Tube Laser M-Rise;120;Tube Bender E-Turn 32;45;Welder Dino;200;Grinders Manual;120;;
KFC Corner Bench 900;reelings;5;Tube Laser M-Rise;25;;;;;;;;
KFC Corner Bench 900;Assembly;1;Welder Arrie;360;Grinders Manual;120;Spray Paint;400;;;;
KFC Coffee tafel; Pote;3;Tube Laser M-Rise;30;Tube Bender E-Turn 32;35;;;;;;
KFC Coffee tafel;Assembly;1;Welder Dino;200;Grinders Manual;120;Spray Paint;180;;;;
KFC Booth bench 1100 Dbl; side;2;Tube Laser M-Rise;120;Welder Dino;360;Grinders Manual;120;;;;
KFC Booth bench 1100 Dbl;reelings;7;Tube Laser M-Rise;25;;;;;;;;
KFC Booth bench 1100 Dbl; Assembly;1;Welder Arrie;500;Grinders Manual;120;Spray Paint;450;;;;
KFC Booth bench 110 Sgl; side;2;Tube Laser M-Rise;125;Tube Bender E-Turn 32;45;Welder Dino;240;Grinders Manual;120;;
KFC Booth bench 110 Sgl; reelings;5;Tube Laser M-Rise;30;;;;;;;;
KFC Booth bench 110 Sgl; Assembly;1;Welder Arrie;500;Grinders Manual;120;Spray Paint;400;;;;
KFC Booth Bench 1600 Dbl; side;2;Tube Laser M-Rise;120;Welder Dino;400;Grinders Manual;120;;;;
KFC Booth Bench 1600 Dbl; reeling;5;Tube Laser M-Rise;35;;;;;;;;
KFC Booth Bench 1600 Dbl; Assembly;1;Welder Arrie;500;Grinders Manual;120;Spray Paint;450;;;;
KFC Bowtie Bar 750;ruggies;2;Tube Laser M-Rise;20;Tube Bender E-Turn 32;35;Grinders Manual;20;;;;
KFC Bowtie Bar 750;s/r;2;Tube Laser M-Rise;20;;;;;;;;
KFC Bowtie Bar 750; Pote;4;Cut-Off SLS;15;Swage Semi Auto;20;Tube Laser M-Rise;25;;;;
KFC Bowtie Bar 750;Assembly;1;Robot Welder 1400;550;Grinders Manual;120;Spray Paint;240;;;;
Emmet Coffee Table;Bo ring;1;Cut-Off SLS;25;Tube Bender E-Turn 40;45;Welder Jeff;300;Grinders Manual;150;;
Emmet Coffee Table;Onder ring;1;Cut-Off SLS;25;Tube Bender E-Turn 40;45;Welder Jeff;300;Grinders Manual;150;;
Emmet Coffee Table;Pote;3;Cut-Off SLS;25;Tube Bender E-Turn 40;45;Grinders Manual;35;;;;
Emmet Coffee Table;Assembly;1;Welder Jeff;660;Grinders Manual;150;Spray Paint;240;;;;
Gigolo Diner Drilling;Drilling;4;Grinders Manual;80;;;;;;;;
Box Lobby WL; Kruis;2;Tube Laser M-Rise;25;;;;;;;;
Box Lobby WL;Boxx Lobby;4;Grinders Manual;30;;;;;;;;
Box Lobby WL;Assembly;1;Welder Arrie;240;Grinders Manual;120;;;;;;
Gigolo 750 Drill;Gigolo 750 Drill;4;Grinders Manual;80;;;;;;;;
220 Table base; poot;1;Tube Laser M-Rise;40;Grinders Manual;20;;;;;;
220 Table base;Assembly;1;Welder Dino;300;Grinders Manual;110;Spray Paint;130;;;;
KFC Window Counter;sye;2;Tube Laser M-Rise;120;Welder Dino;150;Grinders Manual;100;;;;
KFC Window Counter; reelings;1;Tube Laser M-Rise;140;;;;;;;;
KFC Window Counter; Assembly;1;Welder Arrie;360;Grinders Manual;120;Spray Paint;300;;;;
KFC 320Table base;poot;1;Tube Laser M-Rise;30;Grinders Manual;15;;;;;;
KFC 320Table base; assembly;1;Welder Dino;300;Grinders Manual;120;Spray Paint;150;;;;
KFC Window Counter 2200;Sye;2;Tube Laser M-Rise;90;Welder Dino;240;Grinders Manual;120;;;;
KFC Window Counter 2200;reelings;3;Tube Laser M-Rise;40;;;;;;;;
KFC Window Counter 2200; Assembly;1;Welder Arrie;360;Grinders Manual;120;Spray Paint;300;;;;
